"","Ctrl_sham_surgery_1","Ctrl_sham_surgery_2","Ctrl_sham_surgery_3","Ctrl_sham_surgery_4","Ctrl_sham_surgery_5","Sepsis_induced_surgery_1","Sepsis_induced_surgery_2","Sepsis_induced_surgery_3","Sepsis_induced_surgery_4","Sepsis_induced_surgery_5"
"(2-AMINOETHYL)PHOSPHONATE",-13.06385068,-13.0532958,-13.58513689,-13.05947686,-13.27113663,-13.52074452,-12.80925972,-12.24778029,-12.72418184,-13.12074458
"1-AMINOCYCLOPROPANECARBOXYLATE",-13.60573238,-13.30675375,-13.327835,-13.28283855,-13.32368935,-13.80860219,-13.18963023,-13.392103,-13.27222057,-13.27990422
"1-METHYL-L-HISTIDINE",-11.62291761,-12.20927432,-12.20695706,-11.90774692,-11.34126908,-11.6738237,-11.49703756,-11.47923745,-10.7036056,-10.58446416
"1,3-DIAMINOPROPANE",-18.15551705,-14.55257442,-15.59849984,-15.91402407,-14.61465019,-17.12591857,-14.75247835,-16.30857965,-14.86881777,-14.53153386
"2-ACETAMIDO-2-DEOXY-BETA-D-GLUCOSYLAMINE",-14.03657598,-13.22798206,-13.37087077,-13.40012207,-14.65640313,-14.033049,-14.07512224,-14.15639623,-13.77552585,-13.88214471
"2-AMINOISOBUTYRATE",-10.62626248,-10.46250228,-10.59922484,-10.36199098,-10.65330882,-10.11216204,-10.21991719,-9.53332326,-9.712348672,-10.25996937
"2-DEOXY-D-GLUCOSE",-13.24187962,-12.89734958,-13.57250463,-13.69643263,-13.26151036,-13.37103107,-13.43858757,-14.04254275,-14.03746565,-13.30881691
"2-HYDROXY-4-(METHYLTHIO)BUTANOATE",-10.9526319,-10.74413117,-10.99795802,-10.78623257,-9.931636089,-10.26739449,-11.17242455,-10.68434643,-11.0768101,-11.44924696
"2-HYDROXYBUTYRATE",-8.221291521,-8.27721258,-8.339313749,-8.504648073,-8.379342791,-7.361048503,-6.988159199,-5.0977828,-5.900597427,-6.836451593
"2-HYDROXYPHENYLACETATE",-7.622660499,-7.766700407,-7.651039383,-7.804941907,-7.729765989,-7.49613981,-7.430185331,-7.46667656,-7.402724211,-7.411335328
"2-KETO-3-DEOXY-D-GLUCONIC ACID",-11.7341334,-11.48390282,-11.85335127,-11.7597676,-11.92430975,-11.22640192,-11.75362389,-12.11198998,-12.16469028,-11.65723448
"2-METHOXYETHANOL",-17.71257356,-16.90413875,-18.49233429,-18.45276355,-17.61236564,-17.27111649,-16.66366908,-15.05459038,-15.76190257,-15.51122977
"2-OXOBUTANOATE",-13.17895293,-13.59451225,-13.70884932,-13.09997449,-13.85140362,-13.25319458,-13.11504842,-13.30767825,-14.30939036,-13.2137011
"2-QUINOLINECARBOXYLATE",-13.43356344,-12.77019686,-13.60243984,-13.12305811,-13.08246564,-14.2334242,-15.16751584,-14.83869367,-14.83990508,-14.74674962
"2,4-DIHYDROXYPTERIDINE",-10.82852588,-10.74369646,-10.52936014,-10.70402673,-10.45389975,-10.77155195,-10.78157358,-11.20907403,-11.40249976,-11.68290599
"3-(2-HYDROXYPHENYL)PROPANOATE",-2.697509133,-2.877847533,-2.799187957,-2.879066063,-2.966787074,-2.662572411,-2.970905554,-2.81556128,-2.803730536,-2.747273463
"3-ALPHA,11-BETA,17,21-TETRAHYDROXY- 5-BETA-PREGNAN-20-ONE",-14.18514144,-13.56801816,-14.27416781,-12.60198341,-13.03805928,-12.32882732,-11.81775422,-11.16838581,-10.51926509,-11.08982945
"3-AMINO-4-HYDROXYBENZOATE",-14.32065641,-13.24228399,-14.6026182,-14.10752297,-15.24444737,-14.48320845,-14.43625737,-15.40866529,-14.96952778,-15.35648183
"3-AMINO-5-HYDROXYBENZOATE",-13.71984679,-13.33743845,-14.85003861,-14.35615523,-14.0769426,-14.44928625,-13.21405843,-12.04592099,-12.41098,-14.03479172
"3-HYDROXYBENZALDEHYDE",-9.915312308,-9.155732318,-8.277480547,-10.5876698,-8.706973589,-9.509567448,-9.523651711,-10.31647484,-10.882875,-10.56191708
"3-HYDROXYBENZYL ALCOHOL",-4.628278886,-4.772378496,-4.7055756,-4.750104498,-4.867342366,-4.557175851,-4.806373043,-4.673105205,-4.666511782,-4.533257839
"3-HYDROXYMETHYLGLUTARATE",-9.810530198,-9.995060253,-9.714425302,-9.868671277,-9.805138048,-9.353245595,-9.447342702,-9.006110677,-8.548155433,-8.827149128
"3-HYDROXYPHENYLACETATE",-7.622660499,-7.766700407,-7.651039383,-7.804941907,-7.729765989,-7.49613981,-7.430185331,-7.46667656,-7.402724211,-7.411335328
"3-METHOXY-4-HYDROXYMANDELATE",-6.75902254,-6.868946241,-6.902374419,-7.019158642,-7.036255763,-6.76901275,-6.701205323,-6.657794789,-6.683570732,-6.6238631
"3-METHOXYTYRAMINE",-11.74188912,-12.06362801,-12.5603191,-12.15640536,-11.9342224,-11.93273403,-11.82813711,-11.95102764,-12.24638056,-12.05955789
"3-METHOXYTYROSINE",-12.71101976,-12.92383747,-13.22301803,-12.59276715,-13.28770085,-13.59835838,-12.84635128,-13.61036117,-13.74706406,-13.392998
"3-METHYL-2-OXOVALERATE",-8.700517816,-8.894665407,-8.470988734,-8.512442061,-8.661819848,-8.624772929,-7.701331519,-7.66850421,-7.31676362,-8.284004877
"3-METHYLADENINE",-14.3022075,-13.88890781,-14.41407527,-13.78569997,-14.6100847,-14.24796553,-15.02239914,-15.47670241,-13.74840672,-14.60135531
"3-METHYLHISTAMINE",-14.83133651,-14.53139686,-15.30947023,-13.95141048,-14.84736811,-14.20883221,-13.77556196,-13.64523503,-13.62242815,-13.41064904
"3-SULFINOALANINE",-15.69199268,-14.38888522,-14.55204053,-14.18648349,-14.89377858,-14.11445339,-14.3224905,-14.59708474,-14.25303551,-14.74411456
"3,4 DIHYDROXYMANDELATE",-8.685950095,-8.931506029,-8.980326605,-9.087346482,-9.031380182,-8.372814221,-8.6342431,-8.741554244,-8.685940057,-8.305080457
"3,4-DIHYDROXYPHENYLACETATE",-6.874475008,-6.870936257,-6.836000915,-6.9757371,-6.961245959,-6.614712398,-6.691363782,-6.615156433,-6.671866296,-6.644044034
"3,4-DIHYDROXYPHENYLGLYCOL",-2.629374729,-2.729430908,-2.789454607,-2.786725474,-2.813076838,-2.523983378,-2.593533057,-2.534414572,-2.510839049,-2.441901352
"4-ACETAMIDOBUTANOATE",-15.6316415,-15.06220359,-14.13954523,-14.89072745,-15.29409457,-15.36042897,-14.24392896,-12.57143373,-13.88644766,-13.9997963
"4-COUMARATE",-9.671034732,-10.47055915,-9.031707483,-8.983497923,-7.53937508,-8.847446235,-10.58343424,-12.85253547,-13.00861133,-11.62188538
"4-GUANIDINOBUTANOATE",-10.21016467,-10.25159814,-10.09353283,-10.79088918,-10.4926365,-10.02106892,-11.40473396,-12.51156667,-12.01547664,-11.84214664
"4-HYDROXY-L-PHENYLGLYCINE (1)",-6.814954172,-7.018031264,-7.077555984,-7.167439241,-7.094384048,-6.806772684,-6.921592941,-6.703083694,-6.81976786,-6.585227337
"4-HYDROXYBENZALDEHYDE",-11.92867183,-11.51623269,-11.54945441,-11.90923702,-11.21573901,-11.74561236,-10.3543109,-9.540452861,-9.73560869,-10.21993417
"4-HYDROXYBENZOATE",-13.46461496,-13.0240163,-13.69362398,-13.93306256,-13.34375435,-12.76507411,-13.68748303,-13.0872643,-13.63439777,-14.2591285
"4-IMIDAZOLEACETATE",-13.47076843,-14.33056301,-13.64379593,-13.78263367,-13.30327789,-13.69182274,-14.21012202,-14.27647881,-14.66236689,-13.65851126
"4-METHOXYESTRADIOL",-14.95830036,-15.21420669,-14.55968059,-14.22967502,-15.73127105,-14.20680168,-14.49613859,-14.39976674,-14.38047346,-14.37454109
"4-METHYLCATECHOL",-4.628278886,-4.772378496,-4.7055756,-4.750104498,-4.867342366,-4.557175851,-4.806373043,-4.673105205,-4.666511782,-4.533257839
"4-PYRIDOXATE",-11.6727091,-11.36673718,-12.15200298,-11.29452916,-12.45876551,-11.96411664,-11.89252457,-11.87195138,-12.38987216,-12.42534912
"5-AMINOLEVULINATE",-10.78933146,-10.6401831,-11.02054924,-10.30274187,-10.45505069,-11.0722526,-10.77953046,-10.96020557,-11.72608024,-10.66659709
"5-AMINOPENTANOATE",-5.379823656,-4.898920582,-5.191047607,-4.982520737,-4.888833555,-5.175897899,-5.192284901,-5.310950981,-5.208135759,-5.496623891
"5-HYDROXYINDOLEACETATE",-13.55815573,-14.23369246,-12.94256602,-12.40793561,-12.95673123,-11.37048798,-11.20158822,-12.18980629,-11.7690128,-11.0974521
"5-HYDROXYLYSINE",-11.27842134,-10.44457716,-10.7809417,-10.54005349,-10.09842721,-10.23785331,-10.75580003,-11.31302719,-11.6061234,-11.74301382
"5-HYDROXYTRYPTOPHAN",-13.62165867,-13.67764265,-14.05745903,-13.16673879,-13.51778375,-13.34597462,-13.49881755,-14.99362779,-14.41615429,-14.36165588
"5-METHYLCYTOSINE",-14.71050221,-14.32827845,-15.02583062,-14.75833507,-14.85815467,-16.58247534,-16.22196363,-15.06979279,-16.19513318,-16.5753601
"6-CARBOXYHEXANOATE",-10.84134857,-10.91649522,-11.62913324,-11.45405593,-11.63095081,-11.23001498,-10.88524675,-11.69340375,-10.68358702,-10.80342492
"6-HYDROXYDOPAMINE",-7.809470837,-8.255168294,-8.049463202,-8.363330182,-8.343164475,-8.149571725,-8.107300592,-8.006140649,-7.805570898,-7.587110006
"6-PHOSPHOGLUCONATE (1)",-11.62745113,-12.77785475,-12.4367562,-10.62384731,-12.18124036,-16.29644516,-15.71900946,-13.33712268,-15.28764982,-14.65062141
"ACETOACETATE",-12.28347199,-12.88622927,-12.53059948,-12.4177834,-12.27600974,-12.37608138,-11.05985695,-9.73960227,-9.537952455,-10.77813391
"ADENOSINE",-8.492820864,-7.806181174,-9.431419316,-8.921065976,-9.433590497,-9.268930237,-9.097955969,-11.07726245,-8.527094136,-9.257536407
"ADENOSINE 2',3'-CYCLIC PHOSPHATE",-12.5330076,-12.5008453,-12.768097,-11.98317673,-12.48830979,-12.69182274,-12.95250295,-12.84391138,-14.17874909,-12.98727826
"ADIPATE",-10.29014452,-9.935357081,-10.28774296,-10.038227,-10.09368589,-9.282884411,-9.638959829,-10.45568927,-10.24084068,-9.926752034
"ALLANTOIN",-10.06561803,-9.757469652,-9.738743948,-9.752596754,-9.650952982,-9.775389643,-9.71509687,-8.58127249,-9.132086321,-9.796053206
"ALLOSE",-4.735255153,-4.688606307,-4.734587723,-4.514296803,-4.587951726,-5.192753471,-5.173539177,-5.894665987,-5.725200301,-5.373215106
"ALLOTHREONINE",-11.32660539,-11.76457677,-11.34581516,-11.59097641,-10.7568989,-11.30331493,-11.04469553,-11.34765092,-11.20582522,-11.04940369
"ALPHA-D-GLUCOSE",-4.735255153,-4.688606307,-4.734587723,-4.514296803,-4.587951726,-5.192753471,-5.173539177,-5.894665987,-5.725200301,-5.373215106
"ALPHA-HYDROXYISOBUTYRATE",-8.141178105,-8.27721258,-8.339313749,-8.504648073,-8.379342791,-7.361048503,-6.988159199,-5.105280686,-5.900597427,-6.836451593
"ALPHA-TOCOPHEROL",-14.80016596,-23.6320592,-14.75927315,-12.36702196,-18.00925579,-11.12495965,-12.14761629,-12.84195253,-12.789279,-12.94052549
"AMINOADIPATE",-11.36034797,-11.86760149,-11.59066328,-11.33209148,-11.86091465,-11.61526384,-11.38303577,-11.14251419,-10.22500778,-10.742647
"AMINOISOBUTANOATE",-10.62626248,-10.46250228,-10.59922484,-10.36199098,-10.65330882,-10.11216204,-10.21991719,-9.53332326,-9.712348672,-10.25996937
"ANSERINE",-12.58239546,-12.3247436,-12.49516706,-12.7734162,-12.46705899,-13.09046905,-12.2055694,-12.82060536,-12.38373687,-12.87982874
"ARABINOSE",-11.14275948,-11.13988003,-11.04173869,-10.88803618,-11.0323608,-11.44814353,-11.53202519,-12.01104038,-11.81380251,-11.59856338
"ARABITOL",-15.22477971,-16.83764333,-14.28393514,-14.91738308,-14.90771777,-13.96970099,-14.74961869,-14.40747141,-15.58836631,-17.73362219
"ARACHIDATE",-10.45280272,-10.71087743,-10.17455861,-11.07671398,-10.85436951,-10.38451235,-11.66882573,-11.38012843,-11.31294803,-12.10873555
"ARGININE",-6.631872599,-6.969805068,-6.608786293,-6.715535094,-6.173679175,-6.802070518,-6.670183828,-6.943231282,-6.623239113,-6.90561933
"ASCORBATE",-14.13592632,-15.38413169,-14.35527392,-14.19461137,-14.28133534,-14.2386837,-13.48539443,-13.83739219,-13.52256425,-13.58122711
"ASPARAGINE",-9.673506653,-10.26984808,-9.50918112,-9.77443444,-8.522898232,-9.880036927,-9.28192565,-8.460359176,-8.870189764,-9.580795025
"ASPARTATE",-13.01917011,-12.76802888,-12.83615175,-12.4977773,-13.22750128,-12.56028762,-13.39609125,-12.84137768,-12.88061701,-12.67389781
"AZELATE",-7.725467563,-7.480037943,-7.918069243,-8.099132262,-7.546432935,-7.428148551,-7.924150714,-8.565927487,-8.686401485,-8.375353958
"BENZOATE",-8.932194062,-8.010694106,-8.317442333,-8.513621175,-8.207008713,-8.371635164,-7.423180304,-7.155711761,-7.187344603,-7.12496559
"BENZYL ALCOHOL",-14.90796285,-15.50706881,-14.46240771,-15.09981332,-14.91866319,-17.66790272,-18.05740463,-17.09598951,-17.87932831,-16.91247016
"BETA-ALANINE",-11.28362304,-11.4636666,-11.23204629,-11.24570308,-10.7359167,-11.24909338,-11.19660682,-12.02207772,-11.68243054,-11.57171996
"BETA-GLYCEROPHOSPHATE",-11.58824886,-11.43445798,-11.25357938,-10.97712756,-11.46649225,-12.6780457,-12.45794481,-12.333413,-12.03179781,-12.97901095
"BETAINE",-5.379823656,-4.898920582,-5.191047607,-4.982520737,-4.888833555,-5.175897899,-5.192284901,-5.310950981,-5.208135759,-5.496623891
"BILIVERDIN",-17.13314924,-16.18084809,-17.13193204,-15.21100581,-16.35390396,-15.50059834,-12.12938072,-11.72933915,-11.88829656,-14.06078693
"BIOTIN",-14.20569034,-13.71319596,-13.00830069,-13.18041749,-14.16292964,-13.97487504,-14.27443105,-11.7753278,-13.59680667,-14.25718414
"BIS(2-ETHYLHEXYL)PHTHALATE",-8.074990957,-11.08198342,-10.80503711,-10.18085894,-10.82109887,-7.495573986,-9.83063552,-11.1165611,-10.97768593,-9.082097269
"BUTANOATE",-12.0666606,-12.05047063,-12.11260058,-11.75118243,-11.91397454,-11.63208758,-11.62531668,-11.66087082,-11.82249709,-11.73693155
"CADAVERINE",-14.31788912,-14.47218786,-15.34864083,-14.854862,-14.75627505,-15.00455039,-15.89686825,-14.20592152,-14.2228604,-17.50229664
"CAFFEINE",-14.28978378,-13.68661536,-12.95611333,-12.80890736,-13.75879945,-13.61846129,-13.25605252,-12.89376759,-13.93760175,-14.66472711
"CARNOSINE",-13.76275645,-13.80001223,-14.02557759,-13.73183674,-13.71781567,-13.46422896,-13.94261372,-13.18363457,-13.23548199,-13.8078872
"CDP-ETHANOLAMINE",-12.72248304,-12.88454289,-12.14148533,-12.50432015,-12.09954855,-11.6906228,-12.14633836,-13.28560689,-12.62815026,-13.14544733
"CELLOBIOSE",-13.13870876,-12.14572695,-13.22200739,-13.08007494,-13.95325038,-13.20680168,-13.82587642,-14.72361715,-15.60286588,-13.46168558
"CHENODEOXYCHOLATE",-11.07953659,-10.96561326,-11.1974652,-10.93472185,-11.11302432,-10.87839501,-10.25668675,-11.07860726,-10.32307945,-10.53722497
"CHOLATE (1)",-15.11959078,-14.9702811,-15.61432481,-15.32682656,-16.25793491,-16.57942469,-14.01208185,-16.08824969,-15.29754875,-15.41588189
"CIS-4-HYDROXY-D-PROLINE",-10.78933146,-10.6401831,-11.02054924,-10.30274187,-10.45505069,-11.0722526,-10.77953046,-10.96020557,-11.72608024,-10.66659709
"CITICOLINE",-12.67877085,-13.64621726,-13.39572596,-13.07350228,-13.04270228,-14.03845573,-13.9240144,-14.69269257,-14.74572264,-13.99195981
"CITRAMALATE",-11.34864017,-10.69490305,-10.63934011,-10.38511491,-10.3374626,-10.36094947,-11.29961607,-11.97338986,-11.64502408,-11.45073942
"CITRATE",-4.256597541,-3.899984685,-3.891880916,-3.509665862,-4.14349447,-6.573595497,-6.056730977,-4.499443451,-6.089003091,-6.421601694
"CITRULLINE",-8.21364339,-8.434400354,-8.254121038,-8.396978264,-8.119350167,-8.40822386,-8.785440307,-8.557226715,-8.786241387,-8.988312833
"CORTEXOLONE (1)",-12.73503044,-9.252274726,-12.36472331,-9.444940754,-11.12051254,-9.575008088,-8.567878457,-7.151131653,-6.618241241,-7.514857162
"CORTICOSTERONE",-12.73503044,-9.252274726,-12.36472331,-9.444940754,-11.12051254,-9.575008088,-8.567878457,-7.151131653,-6.618241241,-7.514857162
"CORTISONE",-16.20132074,-15.89059221,-16.57250463,-15.81672687,-16.51526695,-15.48575057,-14.63964585,-13.10459548,-12.56807155,-14.35833087
"CREATINE",-6.097082094,-6.029310881,-5.789567518,-5.764253366,-5.9007573,-5.883618746,-5.712978254,-5.120128728,-5.320869195,-5.790551343
"CREATININE",-8.564851182,-8.21673473,-8.229768947,-8.201855361,-8.3302883,-8.702554497,-8.167215495,-7.480642344,-7.514998434,-8.492875896
"CYCLIC AMP",-13.73977528,-14.56597001,-13.38550612,-13.05119212,-13.5324421,-13.28711697,-13.55483259,-15.24853227,-14.75648907,-12.44875619
"CYSTEAMINE",-14.65766521,-14.39126787,-15.65739353,-15.6178228,-16.18143677,-14.80399048,-15.08951333,-15.01874518,-14.4795631,-14.57301997
"CYSTEATE",-13.80126767,-13.54194678,-14.32674822,-13.98449728,-14.30696765,-13.60102264,-14.77847355,-13.22706958,-14.31534782,-15.24968961
"CYSTEINE",-15.2218264,-14.32599751,-15.93360333,-13.93599876,-15.93315281,-15.30546799,-14.50817115,-16.10694579,-16.08247538,-14.15214867
"CYSTINE",-12.21116044,-13.36874263,-13.45455867,-12.78985559,-13.28687446,-13.30345698,-14.13241661,-14.51665057,-13.6023868,-12.74368262
"CYTIDINE",-12.86607448,-12.27176077,-12.87762444,-12.37508173,-13.29501028,-12.14571821,-12.51969579,-12.3684129,-12.26836309,-11.74115586
"CYTIDINE 2',3'-CYCLIC PHOSPHATE",-14.20132074,-13.76942184,-14.48989936,-14.17437688,-14.24018936,-14.72050549,-14.51058975,-13.16371751,-13.90879238,-14.94127984
"CYTIDINE MONOPHOSPHATE",-15.7167252,-14.85398207,-14.68776718,-16.33130004,-14.70182727,-14.95940824,-15.4489875,-14.99823953,-14.83419143,-15.04124674
"D-ALANINE",-11.28362304,-11.4636666,-11.23204629,-11.24570308,-10.7359167,-11.24909338,-11.19660682,-12.02207772,-11.68243054,-11.57171996
"D-GLUCURONOLACTONE",-11.41382572,-11.53818656,-11.31690247,-11.48637697,-11.51343611,-11.8117933,-11.40130214,-11.41242455,-11.24803441,-11.60682506
"D-MANNOSAMINE",-6.863988061,-6.825863554,-6.85771375,-6.632170072,-6.942165446,-7.268687377,-7.396128951,-8.031061807,-7.915577774,-7.471455374
"D-ORNITHINE",-10.51760163,-10.63590592,-10.71330331,-10.4661394,-10.55854769,-10.16217745,-11.18275733,-11.14453336,-11.92380294,-11.34661648
"D-PINITOL",-16.91640592,-16.54581472,-16.23991317,-17.10107055,-17.57300808,-17.59389716,-16.89257304,-17.28317024,-16.29887707,-16.80629042
"D-RIBOSE 5-PHOSPHATE",-15.1056685,-14.00635036,-13.01091664,-14.73443896,-14.91896691,-15.86672623,-15.46297173,-15.84914803,-15.14475966,-15.27229104
"D-SEDOHEPTULOSE",-12.99159341,-13.4815515,-13.86140155,-13.60664023,-13.10416413,-13.99440138,-13.49091775,-13.55568192,-13.90870812,-13.42312137
"D4-TAURINE",-8.801887754,-8.33733077,-8.151581978,-8.41926614,-8.507783474,-8.329395651,-8.475910784,-8.814564131,-8.767251389,-8.196431928
"D8-PHENYLALANINE",-2.499597257,-2.301243507,-2.518969604,-2.380114893,-2.70227028,-2.43530292,-2.437566969,-2.564960654,-2.366446948,-2.348691346
"DEHYDROASCORBATE (1)",-9.905582318,-9.529788884,-9.39339543,-9.207262162,-9.616214654,-11.19781862,-11.07565123,-10.0091508,-11.00720313,-10.87615192
"Dehydroepiandrosterone sulfate (DHEAS)",-13.90877645,-14.05841201,-13.21797187,-14.00043882,-13.90212592,-13.204774,-13.35146341,-14.13225688,-13.62489219,-14.19468822
"DEOXYADENOSINE",-9.279851006,-8.90403849,-9.225277975,-8.778339454,-8.878350711,-8.611916509,-8.928232169,-8.860604834,-8.695366629,-8.84623721
"DEOXYADENOSINE MONOPHOSPHATE (1)",-14.20569034,-14.15835345,-13.21696476,-13.71970241,-14.13151154,-13.36422589,-13.34821532,-13.06902885,-13.88497025,-13.49010322
"DEOXYCARNITINE",-8.459683322,-8.335135508,-8.770184907,-8.62406794,-8.76951782,-9.15378189,-9.245389802,-9.079336749,-9.132719088,-9.721834037
"DEOXYCHOLATE",-11.07953659,-10.96561326,-11.1974652,-10.93472185,-11.11302432,-10.87839501,-10.25668675,-11.07860726,-10.32307945,-10.53722497
"DEOXYCYTIDINE",-12.29637056,-11.75439163,-11.59948383,-11.92962548,-11.97289899,-11.60502828,-11.36261657,-10.88769307,-10.90373456,-11.05506032
"DEOXYCYTIDINE MONOPHOSPHATE",-16.49018113,-16.12426456,-15.58284658,-17.39543038,-15.96777916,-15.46618831,-15.12613192,-15.70926186,-15.00020138,-15.6424743
"DEOXYCYTIDINE-DIPHOSPHATE",-9.840823666,-9.797278347,-9.402709957,-8.483971505,-9.871539273,-8.803985809,-10.1248689,-10.47846802,-10.19182765,-10.05623577
"DEOXYURIDINE",-9.400941775,-9.19908998,-8.955331366,-8.994509164,-8.893177529,-8.512094541,-8.836237847,-8.606613747,-8.722270161,-8.906944098
"DEOXYURIDINE-MONOPHOSPHATE",-13.78919484,-13.31917625,-13.81609128,-13.32682656,-13.30051675,-13.75124902,-13.58510003,-13.99243391,-14.37631583,-14.15389634
"DIAMINOPIMELATE",-12.25948745,-12.37998516,-12.57702012,-11.854862,-12.27725801,-11.75719851,-12.53377097,-11.65896419,-12.64538271,-11.59867511
"DIETHANOLAMINE",-14.19250008,-14.86996047,-14.72804377,-15.12428966,-15.68587602,-14.40404829,-14.70600892,-15.66825726,-14.42901936,-15.28032764
"DIETHYL 2-METHYL-3-OXOSUCCINATE",-11.72297515,-11.62643465,-11.99313482,-11.68529485,-12.16042424,-11.87879907,-11.89884699,-11.73235987,-12.29117489,-11.63604803
"DIHYDROBIOPTERIN",-11.84235058,-12.04147215,-11.54065577,-10.98383685,-12.2397485,-11.55444831,-11.42512175,-11.06502481,-10.8602644,-11.72417894
"DIHYDROFOLATE",-14.59781193,-13.57072744,-14.27416781,-13.67983,-13.5937326,-13.47036549,-14.0302198,-13.90036399,-14.2978049,-14.48326533
"DIHYDROOROTATE",-13.17628509,-11.89469085,-12.78968671,-12.94404985,-12.24035649,-11.99301963,-13.12769596,-12.13769269,-12.93446987,-12.83846958
"DIHYDROURACIL",-11.98402747,-11.36644415,-11.27578504,-11.49479877,-12.20233031,-10.84012288,-11.24619438,-11.6226395,-10.91745046,-11.13435615
"DIHYDROXYACETONE PHOSPHATE",-14.60477027,-15.01734936,-14.33984388,-14.32682656,-14.42629843,-14.61441824,-16.31190575,-14.89986779,-14.477335,-16.35029355
"DIPALMITOYL-PHOSPHOETHANOLAMINE",-11.80540031,-12.2750707,-12.43502182,-12.570061,-12.32620615,-11.81100361,-12.40604091,-12.79328339,-12.33884044,-12.70096605
"DOCOSAHEXAENOATE",-5.845499007,-6.792535527,-6.242019861,-6.345767435,-7.064055841,-6.735052159,-5.170851816,-4.692462759,-4.759994422,-5.269094934
"DOPAMINE",-2.882343144,-2.795975914,-2.750699194,-2.939016594,-2.868035419,-2.554726266,-2.577828884,-2.471032736,-2.495928877,-2.587078718
"EICOSAPENTAENOATE",-6.922375418,-7.09960234,-7.217393397,-7.122124526,-7.631864802,-7.36954125,-6.636391777,-6.23814569,-6.479714686,-6.333402385
"ELAIDATE",-3.339910196,-4.098903278,-4.164221376,-4.728497405,-5.816961027,-4.830052006,-3.462552677,-2.845016267,-2.832488107,-3.229627616
"EPINEPHRINE",-11.66667271,-12.99543458,-11.93567289,-11.34226261,-12.47631551,-10.32722273,-11.12613192,-12.44612826,-13.18691788,-11.36514736
"ERUCATE",-10.78910617,-11.37689643,-10.72795772,-12.21207382,-11.43149308,-10.62683881,-11.76238441,-11.27468446,-11.19042862,-12.06940314
"ERYTHRITOL",-14.65367987,-14.999064,-14.02230755,-16.13083546,-14.43233061,-14.56416346,-14.33744085,-14.48076062,-15.25876429,-16.1697213
"ETHYLMALONATE",-11.01023569,-10.47637178,-10.13873604,-10.34912102,-10.56887887,-10.76029768,-10.78369223,-10.50566703,-9.732644611,-10.88405256
"FERULATE",-11.97396041,-12.44485762,-11.38354561,-11.61325452,-10.29508648,-10.71522477,-11.83193521,-14.03624742,-14.19803969,-12.71607295
"FOLATE",-14.57435295,-13.40200821,-14.33729579,-14.787429,-12.87791684,-13.65230586,-14.98105375,-14.82150857,-14.86905998,-14.99047267
"FRUCTOSE 6-PHOSPHATE",-11.8181739,-12.17724585,-11.63771857,-11.37219807,-12.38087101,-12.14426021,-12.91838358,-12.64580448,-12.39775145,-12.69303465
"FUCOSE",-13.18181969,-12.85233985,-13.52686197,-13.66221692,-13.23402962,-13.35071109,-13.41800995,-13.95525636,-13.97955707,-13.29139986
"FUMARATE",-11.22705307,-11.47562791,-11.06078486,-10.42738798,-11.01679066,-12.52607546,-12.28519765,-12.37690272,-12.6620976,-11.97139681
"GALACTARATE",-12.7911329,-13.10244792,-12.7554094,-12.19081043,-12.03907994,-12.1226864,-13.23002741,-13.22200265,-13.26377749,-13.37685371
"GALACTITOL",-13.0864393,-13.20144358,-13.16545418,-13.30680409,-13.47809643,-13.28415521,-13.50338171,-13.55827748,-13.76360169,-13.54299005
"GALACTOSAMINE",-6.863988061,-6.825863554,-6.85771375,-6.632170072,-6.942165446,-7.268687377,-7.396128951,-8.031061807,-7.915577774,-7.471455374
"GALACTOSE",-4.735255153,-4.688606307,-4.734587723,-4.514296803,-4.587951726,-5.192753471,-5.173539177,-5.894665987,-5.725200301,-5.373215106
"GALACTOSE 1-PHOSPHATE",-11.8181739,-12.17724585,-11.63771857,-11.37219807,-12.38087101,-12.14426021,-12.91838358,-12.64580448,-12.39775145,-12.69303465
"GALACTURONATE",-13.5514295,-12.95932475,-13.06132006,-13.18371562,-13.37451392,-13.68520993,-13.21950493,-11.47234362,-12.91517278,-14.01913906
"GAMMA-LINOLENATE",-6.715596911,-6.875151107,-7.03653502,-7.58148265,-8.598380494,-8.14675186,-6.513675566,-6.019183185,-6.291511268,-6.329622207
"GLUCONATE",-8.960878333,-9.007050901,-8.515934409,-8.748946974,-9.026120369,-8.686149319,-9.584669653,-9.262913397,-9.538588032,-9.329090429
"GLUCONOLACTONE",-11.7341334,-11.4730913,-11.85335127,-11.76840417,-11.92430975,-11.22640192,-11.75362389,-12.11198998,-12.28751214,-11.65723448
"GLUCOSAMINATE",-14.41742479,-14.98820301,-14.93029818,-16.23595216,-15.79202508,-14.14134861,-16.41687531,-14.21942052,-15.20247516,-14.64738979
"GLUCOSAMINE",-6.863988061,-6.825863554,-6.85771375,-6.632170072,-6.942165446,-7.268687377,-7.396128951,-8.031061807,-7.915577774,-7.471455374
"GLUCOSAMINE 6-PHOSPHATE",-15.42080743,-14.66339241,-13.8484781,-13.63292969,-13.37214794,-14.08805039,-13.62384976,-13.65551963,-14.16254897,-14.6898618
"GLUCOSAMINE 6-SULFATE",-15.16967511,-14.91438278,-14.57508318,-14.1191851,-14.18143677,-14.76761809,-15.17901148,-13.69622715,-14.59318333,-13.97641337
"GLUCOSE 1-PHOSPHATE",-11.8181739,-12.17724585,-11.63771857,-11.37219807,-12.38087101,-12.14426021,-12.91838358,-12.64580448,-12.39775145,-12.69303465
"GLUCOSE 6-PHOSPHATE",-11.8181739,-12.17724585,-11.63771857,-11.37219807,-12.38087101,-12.14426021,-12.91838358,-12.64580448,-12.39775145,-12.69303465
"GLUCURONATE",-13.5514295,-12.95932475,-13.06132006,-13.18371562,-13.37451392,-13.74010667,-13.21950493,-11.47234362,-12.91517278,-14.01913906
"GLUTAMATE",-9.466225669,-8.983119545,-10.36266804,-9.039753677,-9.58010372,-10.59495092,-10.76270463,-11.55352252,-10.71649984,-10.44757115
"GLUTAMINE",-6.227264707,-6.221324261,-5.998341998,-6.00140533,-5.917681295,-5.495099474,-5.622453611,-5.468180948,-5.322133965,-5.451007542
"GLUTARATE",-9.735921627,-9.478010038,-8.823688003,-8.980302078,-9.283549715,-9.701616715,-9.611759966,-9.786045103,-8.863315994,-9.324215787
"GLUTARYLCARNITINE",-12.8712713,-13.14522418,-12.71168369,-12.99156067,-13.98245573,-13.36196462,-13.75104781,-11.36091349,-12.37735412,-12.77336837
"GLUTATHIONE REDUCED (1)",-9.313215821,-8.751853904,-9.036340694,-8.289827938,-9.849636698,-9.721320499,-10.15457359,-10.42178566,-10.29595264,-10.17570071
"GLYCERATE",-10.53080524,-10.51161683,-10.23741447,-10.78185413,-10.12478897,-10.01841222,-10.19348772,-10.58889447,-10.18345377,-10.00663455
"GLYCEROL 3-PHOSPHATE",-11.58824886,-11.43445798,-11.25357938,-10.97712756,-11.46649225,-12.6780457,-12.45794481,-12.333413,-12.03179781,-12.97901095
"GLYCEROL-MYRISTATE",-12.63391661,-13.59176948,-12.75415071,-12.19359287,-13.3143756,-12.46618831,-11.83342587,-13.98953983,-12.72707258,-13.09731281
"GLYCINE",-13.18514144,-12.47245785,-12.9548893,-12.65924073,-12.18057093,-12.36015743,-12.80453356,-13.32702682,-13.02419287,-12.58422829
"GLYCOCHOLATE",-12.48963027,-14.22086842,-13.61329417,-13.91760999,-13.06899746,-11.88085189,-12.49483036,-15.70771892,-13.50677414,-13.48561691
"GLYOXYLATE",-14.42798484,-14.04401936,-14.20847013,-13.94835561,-13.9657701,-13.93601145,-14.04506576,-14.58449313,-14.87542496,-14.71822689
"GUAIACOL",-4.628278886,-4.772378496,-4.7055756,-4.750104498,-4.867342366,-4.557175851,-4.806373043,-4.673105205,-4.666511782,-4.533257839
"GUANIDINOACETATE",-14.01213384,-13.90584104,-13.95695381,-14.51755867,-14.2886125,-13.75717994,-13.81089503,-14.40747141,-15.05563377,-14.6572713
"GUANIDINOSUCCINATE",-14.26069929,-14.01551036,-14.24235603,-13.54977741,-14.2209181,-14.8828459,-13.99335634,-12.43525859,-14.00822083,-13.91733414
"GUANINE",-10.35492044,-10.2046154,-9.58438805,-10.0264988,-9.46306871,-10.01129016,-10.90479953,-11.35368543,-11.25208292,-11.15083931
"GUANOSINE",-12.80457787,-11.98190499,-13.60903051,-13.19563058,-12.74998331,-13.8397295,-13.40557772,-13.78251084,-13.92996439,-14.37862227
"GULOSE",-4.735255153,-4.688606307,-4.734587723,-4.514296803,-4.587951726,-5.192753471,-5.173539177,-5.894665987,-5.725200301,-5.373215106
"HEPTADECANOATE",-11.39823612,-11.22566408,-11.83127503,-11.68428047,-12.16377568,-11.44495035,-11.09715081,-11.62694629,-11.47479494,-11.79116386
"HIPPURATE",-5.766883766,-5.640034564,-6.023702781,-6.806455367,-6.284476077,-9.235451597,-10.8598674,-11.86547452,-11.76782,-12.14266131
"HISTIDINE",-7.705596205,-7.785318511,-7.72183986,-7.955654103,-7.210016061,-8.036240137,-7.784069696,-6.924690746,-7.172996675,-7.695694452
"HISTIDINOL",-15.73766454,-14.49763288,-14.98411123,-14.15442228,-14.70182727,-14.57984509,-14.33958931,-15.22451538,-14.817185,-15.52473403
"HOMOCYSTEINE",-10.88624424,-11.25892216,-11.47026644,-11.27878262,-11.17974446,-10.81322869,-11.26393681,-10.66876867,-11.27270348,-10.56791411
"HOMOCYSTEINE THIOLACTONE (1)",-15.33533809,-14.07363849,-14.65466374,-14.3768147,-14.80501072,-15.9123231,-15.20228126,-15.3599788,-15.62242815,-14.84779321
"HOMOCYSTINE",-12.77099257,-13.10048907,-12.96197872,-12.78424072,-12.24505965,-12.87405206,-12.77039495,-13.62503163,-13.11227893,-12.92358619
"HOMOGENTISATE",-6.889489574,-6.859086751,-6.827947032,-6.969114274,-6.956008815,-6.598013011,-6.697527283,-6.609285766,-6.659099437,-6.665912883
"HOMOSERINE",-11.32660539,-11.76457677,-11.34581516,-11.59097641,-10.7568989,-11.30331493,-11.04469553,-11.34765092,-11.20582522,-11.04940369
"HOMOVANILLATE",-4.974517129,-5.088707785,-5.112441211,-5.149342023,-5.14771663,-4.992208801,-4.928993415,-4.847128007,-4.819148112,-4.90057395
"HYDROPHENYLLACTIC ACID (1)",-4.974517129,-5.088707785,-5.112441211,-5.149342023,-5.14771663,-4.992208801,-4.928993415,-4.847128007,-4.823509759,-4.90057395
"HYPOTAURINE",-14.05354138,-13.27011543,-14.93029818,-13.79648365,-15.47735454,-16.02229594,-15.78139104,-14.19254766,-15.1554069,-14.82812617
"HYPOXANTHINE (1)",-8.113758339,-8.131966852,-7.951743463,-7.88416032,-7.827944255,-7.705635366,-8.004364148,-7.372102742,-7.732668727,-7.908718025
"INDOLE-3-ACETAMIDE",-12.75904197,-13.28615988,-12.60217508,-13.475751,-13.06068219,-13.11732321,-13.27947039,-12.98869549,-13.33089169,-13.11418312
"INDOLE-3-ACETATE",-11.6168431,-10.93661339,-11.08868886,-11.00489847,-10.39025859,-10.29464503,-11.03300803,-11.04893053,-11.68919068,-12.27181654
"INDOLEACETALDEHYDE",-11.54726223,-11.48358262,-11.30010813,-11.22160725,-11.26801354,-11.3896246,-11.33583159,-12.62488319,-12.09011544,-11.37913323
"INDOXYL SULFATE",-5.021231554,-5.021044089,-4.724680442,-4.110153703,-4.382380551,-6.656371591,-6.677932086,-6.116858571,-5.208969231,-7.028219292
"INOSINE",-11.85716804,-10.68936144,-12.92288918,-11.80190586,-12.07144062,-12.36932677,-12.60111946,-14.35624608,-12.53583449,-13.1184857
"INOSINE-MONOPHOSPHATE",-14.8517363,-14.36293252,-14.91388509,-14.47239236,-15.23315181,-14.69751385,-15.11873347,-15.28355085,-14.95920401,-14.78686421
"ISOCITRATE",-8.948102243,-9.485819177,-9.721927633,-9.560824988,-9.442423279,-11.37928737,-10.47113593,-8.874544543,-10.09123925,-10.72403314
"ISOLEUCINE",-5.104100976,-5.014785243,-4.848079948,-4.975414094,-4.784214089,-5.037530188,-4.941065422,-5.183705514,-4.981467636,-4.87443911
"ITACONATE",-14.69060602,-14.76182374,-16.41786127,-15.38843944,-15.09423475,-12.16214984,-11.58732053,-11.78413703,-10.87996607,-11.35734289
"KYNURENATE",-10.99517288,-10.90861156,-10.74142364,-10.95593676,-11.06752345,-10.66474394,-11.53223439,-12.39880654,-11.92882226,-11.7922981
"KYNURENINE",-10.97281234,-11.15733925,-10.70761103,-10.78608372,-10.72077418,-10.52806412,-10.49718744,-10.00042267,-10.05636112,-10.38335557
"L-ALANINE",-11.28362304,-11.4636666,-11.23204629,-11.24570308,-10.7359167,-11.24909338,-11.19660682,-12.02207772,-11.68243054,-11.57171996
"L-CARNITINE",-4.996295756,-5.242397193,-5.287536843,-5.475644079,-4.781047356,-5.224145507,-5.357188573,-6.286437036,-6.473370586,-5.809939911
"L-DOPA",-11.1689639,-11.6145548,-11.11705998,-11.65483918,-11.28042827,-11.06902148,-12.22196363,-11.40000689,-11.79551096,-11.87961208
"L-GULONOLACTONE",-12.00131339,-11.83179097,-11.6775535,-11.47348205,-12.01238874,-11.82159807,-11.71832227,-11.0524661,-11.18627986,-11.80274282
"L-ORNITHINE",-10.51760163,-10.63590592,-10.71330331,-10.4661394,-10.51956332,-10.16217745,-11.18275733,-11.14453336,-11.92380294,-11.34661648
"LACTATE",-3.742228578,-3.42184264,-3.636912527,-3.392077613,-3.461408062,-2.993000593,-3.499781264,-4.50184129,-4.199590329,-3.759046963
"LACTOSE",-14.163575,-14.02971408,-14.26706478,-13.92196223,-13.53176509,-13.55236594,-13.04025634,-12.6503481,-12.43275728,-12.79714304
"LAURATE",-13.0398231,-13.47471227,-13.26924575,-13.27419963,-13.88685916,-12.83233051,-12.166562,-12.28177959,-11.52400077,-11.70259529
"LAUROYLCARNITINE",-10.54391585,-10.45885055,-10.21231596,-10.43700948,-11.43737677,-11.38674842,-9.148734268,-8.379883631,-8.148743173,-9.090916431
"LEUCINE",-3.727030106,-3.795848544,-3.763663963,-3.876473921,-3.62232116,-3.831288661,-3.794990466,-4.051222747,-3.943210777,-3.748263612
"LINOLEATE",-2.688934558,-2.690316776,-2.866279655,-3.575968671,-4.217212317,-3.889905964,-2.756341856,-2.214453057,-2.208147427,-2.447464354
"LUMICHROME",-11.07603227,-10.66213312,-10.67595598,-10.9096272,-10.92373907,-10.91874845,-11.16942543,-11.20844298,-10.88792659,-11.14431029
"LYSINE",-8.996937159,-8.85887963,-8.325483605,-8.433561133,-7.692486103,-8.660737666,-8.664508478,-8.946757402,-8.67504696,-9.319057113
"LYXOSE",-11.10336476,-11.13988003,-11.04173869,-10.88803618,-11.0323608,-11.44814353,-11.53202519,-12.01104038,-11.81380251,-11.59856338
"MALATE",-6.177554849,-6.620670424,-6.224169433,-5.617215875,-6.106853688,-7.745350633,-7.524752262,-7.40840798,-7.726862375,-7.067557962
"MALEATE",-9.973187829,-10.31890703,-10.14010447,-10.20931408,-10.34228628,-10.10510348,-10.16296156,-10.04354065,-9.987523253,-9.845108127
"MALONATE",-13.95863415,-15.7815751,-16.36414644,-15.87619287,-16.56523848,-16.38530406,-15.39780835,-11.73444006,-12.74768312,-12.94698928
"MALTOSE",-14.163575,-14.02971408,-14.14871538,-13.98177162,-13.53176509,-13.60319672,-13.04025634,-12.6503481,-12.43275728,-12.79714304
"MANDELATE",-7.622660499,-7.766700407,-7.651039383,-7.804941907,-7.729765989,-7.49613981,-7.430185331,-7.46667656,-7.402724211,-7.411335328
"MANNITOL",-13.0864393,-13.20144358,-13.16545418,-13.30680409,-13.47809643,-13.28415521,-13.50338171,-13.55827748,-13.76360169,-13.54299005
"MANNOSE",-4.735255153,-4.688606307,-4.734587723,-4.514296803,-4.587951726,-5.192753471,-5.173539177,-5.894665987,-5.725200301,-5.373215106
"MANNOSE 6-PHOSPHATE",-11.8181739,-12.17724585,-11.63771857,-11.37219807,-12.38087101,-12.14426021,-12.91838358,-12.64580448,-12.39775145,-12.69303465
"MELATONIN",-15.11576774,-14.37334445,-15.26099242,-14.8796875,-14.49239843,-14.2084711,-15.54754359,-15.06971018,-15.32913123,-15.14544733
"MELIBIOSE",-14.163575,-14.02971408,-14.26706478,-13.92196223,-13.47539728,-13.60319672,-13.1789522,-12.6503481,-12.43275728,-13.17217008
"METHIONINE",-5.555187016,-5.646289516,-4.785925774,-5.457841597,-4.477697662,-5.192756323,-6.089329731,-6.809072556,-6.658940213,-6.607469524
"METHIONINE SULFOXIMINE",-8.53610654,-7.696150474,-8.368233448,-7.97921938,-8.078934495,-7.595216672,-8.044476516,-8.650852908,-8.904012576,-8.371407518
"METHYL 4-AMINOBUTYRATE",-5.379823656,-4.898920582,-5.191047607,-4.982520737,-4.888833555,-5.175897899,-5.192284901,-5.310950981,-5.208135759,-5.496623891
"METHYL ACETOACETATE",-7.912423739,-7.988989327,-8.040627795,-8.17669264,-8.077447693,-7.924008082,-7.993516048,-7.813754048,-7.87383545,-7.806518472
"METHYL VANILLATE",-4.98253797,-5.093645479,-5.118469654,-5.154666296,-5.152873101,-4.997141364,-4.933760838,-4.851401129,-4.823509759,-4.908506856
"METHYLMALONATE",-8.293491751,-8.676809112,-8.67723093,-8.558905914,-9.407699061,-9.794328049,-9.07711696,-10.00239947,-9.451428167,-8.248631872
"METHYLTHIOADENOSINE",-10.37200719,-10.30661319,-10.23087463,-10.33606836,-10.23370038,-10.68527026,-10.12682748,-9.381394291,-10.15251551,-10.14822416
"MEVALONATE",-11.84204874,-11.74949293,-11.62731464,-11.71430643,-11.65343885,-11.12739559,-11.5718378,-10.48670211,-11.23300105,-11.61029223
"MONOETHYLMALONATE",-11.01023569,-10.73564615,-10.13873604,-10.50631525,-10.56887887,-10.76029768,-10.78369223,-10.50566703,-9.752223724,-10.88405256
"MONOMETHYLGLUTARATE",-10.45053273,-10.17583314,-10.3686323,-10.24911793,-10.01716718,-9.861825398,-10.14749866,-10.98502943,-10.52644614,-10.39998067
"MYOINOSITOL",-7.182922251,-6.847111404,-7.253565845,-6.50497607,-6.494562523,-6.853564072,-6.998971661,-7.752085333,-7.59326567,-7.306146124
"MYRISTATE",-9.493887837,-9.571914359,-9.82843787,-10.35849451,-10.73213622,-10.40193103,-9.593524916,-8.648359263,-8.34371966,-8.665208864
"N-ACETYLALANINE",-13.67286572,-13.55014625,-13.59977855,-13.91538624,-13.22874768,-13.81746843,-13.81165379,-12.73639825,-13.10473583,-13.51990644
"N-ACETYLASPARAGINE",-12.39617806,-12.31312692,-11.97088978,-11.96645936,-11.52777772,-12.12806959,-12.52704071,-11.69812616,-12.03204721,-12.68331404
"N-ACETYLASPARTATE",-11.43262484,-11.53259232,-11.15919975,-11.37099576,-11.04624481,-10.99363368,-10.70598524,-11.73224124,-11.16155398,-10.81203835
"N-ACETYLGALACTOSAMINE",-14.31534944,-14.36911331,-13.94862929,-14.13887258,-14.56724881,-14.471178,-13.43687221,-12.52531728,-13.02333452,-14.22132791
"N-ACETYLGLUCOSAMINE (1)",-14.31534944,-14.36911331,-13.94862929,-14.13887258,-14.56724881,-14.471178,-13.43687221,-12.52531728,-13.00598032,-14.22132791
"N-ACETYLGLUTAMATE",-9.719102662,-9.461731442,-9.044584594,-9.016670101,-9.078803299,-9.621134574,-10.12615324,-8.787583549,-10.08956181,-10.17265995
"N-ACETYLGLYCINE",-13.67800118,-14.19963908,-13.74058074,-13.34066604,-13.92040686,-14.27601969,-12.23468623,-10.72432439,-10.79133017,-11.51745496
"N-ACETYLLEUCINE",-8.308231402,-8.556392289,-7.480666416,-8.04423291,-7.429651522,-8.484644929,-8.708387892,-8.232395348,-8.459608854,-8.625122296
"N-ACETYLMANNOSAMINE",-13.12937817,-13.36626662,-13.43996257,-13.56594881,-13.01779638,-12.81425414,-13.21027918,-13.08410454,-13.46557951,-13.82351924
"N-ACETYLMETHIONINE",-8.703749593,-8.578459904,-8.08054073,-8.409469906,-7.729765312,-8.502449503,-9.245157556,-9.676401045,-9.823116405,-9.620269634
"N-ACETYLNEURAMINATE (1)",-12.55126934,-12.22406376,-13.00376232,-11.98007407,-11.38793173,-11.15286114,-11.73138165,-11.58885248,-11.78944281,-11.3515729
"N-ACETYLPHENYLALANINE",-9.211475881,-9.115245712,-8.643875636,-9.391013652,-8.664323464,-8.762057934,-8.68397203,-8.680931288,-8.729653765,-8.512264827
"N-ACETYLSERINE",-10.20481893,-9.953363554,-10.37346715,-9.836944066,-9.810792271,-10.08784902,-10.22149154,-10.14985728,-10.17453538,-10.1463772
"N-ACETYLSEROTONIN",-14.25802032,-13.67181357,-13.96197872,-14.06457614,-15.19984494,-13.8295209,-13.79960688,-13.4538316,-11.59234158,-12.28592855
"N-ACETYLTRYPTOPHAN",-9.133496082,-9.232514234,-8.934534264,-9.025535659,-9.278106501,-9.359002058,-9.371107068,-9.523159877,-9.547766071,-9.316320005
"N-ALPHA-ACETYLLYSINE",-13.0116747,-12.66627492,-12.81761713,-12.49793848,-12.83067393,-13.0278596,-12.97236826,-12.40795432,-12.75446423,-12.96103268
"N-FORMYL-L-METHIONINE",-11.3118034,-10.97720293,-10.9416898,-10.83983731,-10.87700403,-10.89626972,-10.72182009,-11.12073158,-10.84496165,-10.82091878
"N-METHYLASPARTATE",-10.20481893,-9.953363554,-10.37346715,-9.851885805,-9.810792271,-10.08784902,-10.22149154,-10.14985728,-10.17453538,-10.1463772
"N-METHYLGLUTAMATE",-10.96365081,-10.96481436,-10.92184935,-10.76405958,-11.14407859,-11.44733858,-11.39194294,-12.01471004,-11.70010363,-11.25996937
"N-METYL-ALANINE",-10.62626248,-10.46250228,-10.59922484,-10.36199098,-10.65330882,-10.11216204,-10.21991719,-9.53332326,-9.712348672,-10.25996937
"N,N-DIMETHYLARGININE",-10.84045958,-11.07208021,-10.81763869,-10.50556241,-10.53602814,-11.18435649,-10.86881522,-10.81877483,-10.70332488,-11.09276347
"N,N,N-TRIMETHYLLYSINE",-9.019816865,-8.89503472,-9.124535717,-9.168349914,-9.106837534,-9.000230167,-8.588648142,-8.157532939,-8.280031465,-8.901588962
"N6-(DELTA2-ISOPENTENYL)-ADENINE",-13.68305921,-14.34060766,-13.04611406,-13.42273262,-13.08999776,-13.72385913,-13.67407599,-12.48648482,-13.73248692,-13.34021871
"NERVONATE",-11.14053198,-11.49866034,-11.12647276,-11.5963807,-11.54870239,-10.80398581,-11.2545371,-10.87938628,-10.60853243,-11.22621539
"NICOTINAMIDE",-7.719016959,-7.402301561,-7.797788158,-8.246112145,-7.831047432,-10.34525666,-9.579534986,-10.5188504,-10.62350565,-9.358204939
"NICOTINAMIDE MONONUCLEOTIDE",-14.48113635,-14.27490574,-14.33595986,-14.62664197,-14.49166845,-14.60744369,-14.0166143,-13.43787933,-13.88102456,-14.21495839
"NICOTINATE",-14.62024168,-14.37467136,-13.78292441,-13.78110296,-15.31252004,-13.02945573,-13.02845181,-12.33634653,-13.11674528,-12.72255702
"NICOTINE (1)",-10.75312715,-10.24209452,-10.78803804,-10.95974334,-10.27960786,-10.42776217,-11.07542656,-12.25365305,-11.99711377,-11.03040069
"NORADRENALINE",-7.887482727,-8.261109998,-8.054017574,-8.363330182,-8.345937837,-8.153337653,-8.107300592,-8.006140649,-7.805570898,-7.587110006
"NORLEUCINE",-3.729804283,-3.797136083,-3.764834905,-3.878339425,-3.623691065,-3.832749633,-3.79629092,-4.052763243,-3.943210777,-3.749793388
"NORMETANEPHRINE (1)",-11.66667271,-12.99543458,-11.93567289,-11.34226261,-12.47631551,-10.32722273,-11.12613192,-12.44612826,-13.18691788,-11.36514736
"NORVALINE",-5.379823656,-4.898920582,-5.191047607,-4.982520737,-4.888833555,-5.175897899,-5.192284901,-5.310950981,-5.208135759,-5.496623891
"O-ACETYLCARNITINE",-2.974680407,-3.049088585,-3.296356057,-3.122011612,-3.286318694,-3.477082472,-2.697618044,-2.9086011,-3.10741935,-2.832981154
"O-ACETYLSERINE",-10.20481893,-9.953363554,-10.37346715,-9.836944066,-9.810792271,-10.08784902,-10.23528414,-10.14985728,-10.19182765,-10.13157071
"O-PHOSPHOETHANOLAMINE",-15.50805863,-16.43238686,-14.99442852,-17.93429646,-14.14465692,-14.49315535,-16.17516942,-14.75767898,-14.97169495,-14.86200707
"O-SUCCINYL-HOMOSERINE (1)",-11.53782002,-13.09678382,-11.30384568,-12.50171517,-10.86018615,-11.97357979,-12.06575551,-12.04404322,-12.42970613,-12.81285942
"OLEATE",-5.406662507,-6.587430286,-6.314864241,-6.787595712,-7.816490378,-6.281705293,-5.161445841,-5.092803996,-5.224808265,-5.511536078
"OLEOYL-GLYCEROL (1)",-6.375925928,-7.077905069,-7.433099459,-6.989377258,-7.100137754,-7.214255674,-7.053870132,-8.24880258,-7.970984558,-7.461093822
"OMEGA-HYDROXYDODECANOATE",-13.62889024,-13.34756042,-13.816743,-13.95655627,-13.82766865,-13.00658933,-13.98105375,-13.64623395,-13.38107744,-13.45073942
"OPHTHALMATE",-9.323715006,-9.470218744,-8.917868606,-8.058300857,-9.927372957,-10.25319458,-9.261834363,-5.703266819,-7.037209217,-9.287737661
"OROTATE",-12.78374041,-12.58766508,-12.55776678,-12.88003772,-12.90142846,-12.96540342,-13.3678145,-12.11323205,-13.04075197,-13.23944778
"OXOADIPATE",-10.52595081,-10.17273925,-8.973238076,-9.425058418,-9.106619618,-9.61734424,-10.37456268,-9.850576616,-9.353751575,-10.22057362
"OXOGLUTARATE",-8.321919809,-8.021966408,-7.61380745,-7.581576748,-7.672032135,-9.821191328,-9.353542918,-9.206162975,-8.920100291,-8.258286931
"OXOPROLINE",-8.299626602,-8.105407141,-8.202159729,-7.928036552,-8.215408669,-8.123073641,-8.378301368,-7.621046494,-8.167591994,-7.881895775
"P-HYDROXYPHENYLACETATE",-12.51732201,-11.80853052,-11.56525501,-12.17800245,-11.21314023,-11.12941854,-11.89972818,-11.86037506,-11.50127256,-12.33915517
"P-OCTOPAMINE",-2.882343144,-2.795975914,-2.750699194,-2.939016594,-2.868035419,-2.554726266,-2.577828884,-2.471032736,-2.495928877,-2.587078718
"PALATINOSE",-13.13870876,-12.14572695,-13.22200739,-13.08007494,-13.95325038,-13.20680168,-13.82587642,-14.72361715,-15.60286588,-13.46168558
"PALMITATE",-4.234592726,-4.737492545,-4.74142169,-5.892034678,-6.198597101,-5.722872449,-4.330182432,-4.106955088,-4.170115232,-4.2725345
"PALMITOLEATE",-6.842464621,-7.220037457,-7.45926937,-8.288923937,-9.291129301,-9.079351017,-6.98670031,-5.205635806,-5.83854936,-5.58215276
"PALMITOYLCARNITINE",-7.221284842,-7.815250527,-7.099389911,-6.841240225,-8.12190823,-6.944634129,-5.91642799,-5.184788023,-5.407860366,-5.905894043
"PANTOTHENATE",-7.055655611,-7.272361107,-7.356763644,-6.847959916,-6.969845476,-6.910269406,-6.995538202,-6.545483499,-6.413440628,-6.848224224
"PARAXANTHINE",-11.43548661,-11.42382484,-11.99055088,-12.28013333,-12.337302,-14.07873664,-14.98829128,-14.96944226,-15.68275868,-14.22009483
"PENTANOATE",-14.8201267,-13.92297539,-14.43500111,-14.3630089,-14.69940053,-14.4589203,-13.88113533,-14.64409681,-14.37010177,-14.26471782
"PHENOL",-13.96478098,-14.33599103,-13.69953668,-14.44773662,-13.63634695,-13.77361216,-13.22781976,-13.64235573,-13.5328779,-13.10150398
"PHENYLALANINE",-3.225481439,-3.279409016,-3.021775883,-3.358216605,-3.043890763,-2.955558151,-3.033517433,-2.607208744,-2.699086082,-2.981602942
"PHENYLPYRUVATE",-8.106589989,-7.90696978,-8.016383831,-8.024492903,-8.291306746,-7.913535892,-8.216620791,-8.003315923,-8.137174616,-7.893133448
"PHOSPHOCREATINE",-15.09709887,-13.69826083,-14.96426151,-14.47507042,-14.64010959,-15.41137784,-14.87201887,-14.25222924,-14.5050896,-15.16961442
"PHOSPHOENOLPYRUVATE",-15.13037749,-16.6895447,-14.84070075,-14.69067336,-13.73748154,-16.66928017,-15.12242796,-14.77004149,-14.29951561,-14.56137587
"PHOSPHORYLCHOLINE",-10.47683889,-10.01399987,-10.08485792,-10.22656753,-10.10355939,-10.32934702,-9.928189481,-9.23041299,-9.537320658,-10.49870127
"PHOSPHOSERINE",-16.78919484,-16.49250785,-15.20993455,-13.95141048,-15.54982417,-13.8635238,-16.11504842,-15.99823953,-14.50884597,-15.03479172
"PICOLINATE",-14.62024168,-14.37467136,-13.78292441,-13.78110296,-15.31252004,-13.02945573,-13.02845181,-12.33634653,-13.11674528,-12.72255702
"PIPECOLATE",-10.34268852,-9.940962851,-9.937803789,-10.21095884,-9.938470863,-10.26463522,-10.11263133,-9.174643709,-9.345955036,-10.06263531
"PORPHOBILINOGEN",-12.37880214,-13.70714664,-13.33960226,-13.52812317,-13.13293828,-12.85384277,-13.14425505,-14.41526802,-13.93714897,-13.44157943
"PROLINE",-8.5076375,-8.784779144,-8.022397247,-8.0990072,-7.277874441,-8.197660552,-8.496219891,-9.025511266,-8.720484272,-9.008464474
"PSICOSE",-4.735255153,-4.688606307,-4.734587723,-4.514296803,-4.587951726,-5.192753471,-5.173539177,-5.894665987,-5.725200301,-5.373215106
"PTERIN",-14.2542876,-14.39719119,-14.29639776,-14.21959067,-13.91866319,-13.59900764,-13.85645274,-13.26757297,-13.45978942,-13.53590681
"PURINE (1)",-16.56306001,-16.23117976,-15.34864083,-15.55369246,-14.9274617,-15.25005487,-16.14479577,-16.15801997,-16.55979716,-15.84214664
"PYRIDOXAL",-6.8180005,-7.018031264,-7.082985973,-7.172450079,-7.099529605,-6.79928392,-6.917278705,-6.697820163,-6.81976786,-6.587298633
"PYRIDOXAL-PHOSPHATE",-15.2916715,-15.48068742,-15.39112943,-14.24040454,-14.94822849,-13.75807169,-15.29930572,-13.92695018,-14.98394701,-16.30097257
"PYRIDOXAMINE",-10.22016781,-10.23558821,-9.434708386,-9.414586041,-9.415242283,-9.462229518,-9.867314627,-10.38769091,-10.33626861,-10.26412783
"PYRIDOXINE",-7.809470837,-8.261109998,-8.054017574,-8.363330182,-8.343164475,-8.150801019,-8.107300592,-8.006140649,-7.805570898,-7.587110006
"PYRUVATE",-7.967800015,-7.936413706,-7.951488914,-8.090602731,-8.093683728,-7.728433722,-7.7739475,-7.786966365,-7.795762082,-7.886899703
"PYRUVIC ALDEHYDE",-11.9112802,-12.09837841,-12.11920135,-12.14337472,-11.97302147,-11.86137942,-11.87606861,-11.63342478,-11.84072682,-11.7171069
"QUINATE",-10.71918922,-10.89160349,-10.61278122,-10.86398424,-10.69065849,-10.78389619,-10.60790665,-10.19823534,-10.48349378,-10.36746177
"QUINOLINATE",-14.83133651,-14.76478046,-14.91715281,-14.5124698,-15.53676802,-14.46618831,-14.94512342,-15.17107613,-14.42058022,-14.33237164
"RAFFINOSE",-15.95506754,-15.47717306,-15.58650332,-15.61623608,-14.67925757,-14.83950912,-15.67252456,-16.76060428,-17.75971826,-15.70462844
"RETINOATE",-12.42292562,-13.44099999,-12.90331585,-12.797257,-13.0566116,-11.76238957,-12.67109002,-13.17682556,-13.09096684,-12.24316367
"RHAMNOSE",-13.35380869,-13.12030655,-13.51196309,-13.66221692,-13.35581355,-13.84445707,-13.39102189,-14.14508092,-14.69824393,-13.37658024
"RIBITOL",-15.22477971,-16.83764333,-14.28393514,-14.91738308,-14.90771777,-13.96970099,-14.74961869,-14.40747141,-15.58836631,-17.73362219
"RIBOFLAVIN",-12.61055262,-12.53930206,-12.40257963,-12.46131831,-11.85140362,-11.8503884,-12.42883378,-13.16371751,-13.44540836,-13.03640277
"RIBOSE",-11.10336476,-11.13988003,-11.04173869,-10.88803618,-11.0323608,-11.44814353,-11.50985077,-12.01104038,-11.81380251,-11.59856338
"S-ADENOSYLHOMOCYSTEINE",-10.08187754,-10.50826111,-10.42522701,-9.564596245,-10.66896058,-10.85078469,-10.84120526,-12.59763549,-12.05065609,-10.81943207
"SACCHARATE",-12.7911329,-13.10244792,-12.7554094,-12.19081043,-12.10916299,-12.1226864,-13.23002741,-13.22200265,-13.26377749,-13.37685371
"SALSOLINOL",-13.69426123,-13.6194936,-13.34645223,-13.23510624,-13.50881501,-13.46808541,-13.55677669,-13.37780711,-13.31802347,-13.67154609
"SARCOSINE",-11.28362304,-11.4636666,-11.23204629,-11.24570308,-10.7359167,-11.24909338,-11.19660682,-12.02207772,-11.68243054,-11.57171996
"SEBACATE",-9.907962853,-10.07839233,-10.44678383,-10.71886471,-10.33213611,-10.53325319,-10.69298446,-10.52725097,-10.0288289,-10.53773571
"SERINE",-11.08912429,-10.96697832,-10.33383789,-10.72323674,-10.05114071,-10.83601651,-10.6585177,-11.15437802,-10.84226597,-11.33271037
"SEROTONIN",-14.51708114,-15.73119239,-14.9535948,-13.98449728,-15.74622139,-16.34065742,-13.41800995,-14.53880791,-13.3404388,-15.2274368
"SORBITOL",-13.0864393,-13.20144358,-13.16545418,-13.30680409,-13.47809643,-13.28415521,-13.50338171,-13.55827748,-13.76360169,-13.54299005
"SORBOSE",-7.182922251,-6.847111404,-7.253565845,-6.50497607,-6.494562523,-6.853564072,-6.998971661,-7.752085333,-7.59326567,-7.306146124
"SPERMIDINE",-12.1200306,-12.30731609,-12.83837569,-11.46131831,-12.68312596,-11.45018671,-11.23590282,-12.29243995,-12.23081431,-11.95302299
"SPERMINE",-12.71516693,-12.35651664,-13.01616281,-12.88167715,-13.95614446,-13.07132869,-13.3733063,-13.29154857,-13.04157472,-13.04124674
"SPHINGANINE",-24.15551705,-17.8771717,-14.8562976,-12.77575822,-14.11201537,-14.84761741,-12.37220626,-13.76014302,-13.45743544,-14.37658024
"STEARATE",-5.865702898,-7.160634793,-6.491124534,-7.221408645,-7.22673796,-6.604800779,-6.908154547,-6.828428234,-6.332227217,-6.976452201
"SUBERATE",-10.08996531,-10.29145725,-10.3605281,-11.06651134,-10.8552681,-10.32843996,-10.36058826,-10.24607853,-10.98659036,-10.30449101
"SUCCINATE",-6.874718934,-6.494373937,-6.396299765,-6.080085136,-7.103680249,-7.3388864,-7.112505457,-8.857093086,-8.173745291,-6.820130284
"SUCCINATE SEMIALDEHYDE",-13.65336593,-13.10067025,-14.15122444,-13.50655683,-13.87545841,-14.20411072,-14.54774684,-15.26515938,-15.55444818,-14.83975505
"SUCROSE",-13.85823923,-15.05742605,-14.62868855,-13.77232232,-13.51303942,-14.60087712,-14.18335632,-14.33056185,-15.16598496,-16.19108778
"TAGATOSE",-4.735255153,-4.688606307,-4.734587723,-4.514296803,-4.587951726,-5.192753471,-5.173539177,-5.894665987,-5.725200301,-5.373215106
"TAURINE",-8.796691608,-8.662731388,-8.692417334,-8.947445725,-8.770530485,-9.355269208,-8.748494213,-7.574483195,-8.080219243,-8.796325587
"THEOPHYLLINE",-11.43548661,-11.42382484,-11.99055088,-12.28013333,-12.337302,-14.07873664,-14.98829128,-14.96944226,-15.68275868,-14.22009483
"THIAMINE MONOPHOSPHATE",-13.520706,-14.56059684,-14.58544369,-13.71384969,-13.30143654,-15.43733344,-14.59533195,-13.47771589,-13.97012765,-14.18036855
"THIAMINE PYROPHOSPHATE",-13.67305782,-13.87781703,-13.45989649,-13.39328884,-12.90743593,-12.96505248,-13.6122998,-14.26757297,-14.15374295,-13.10150398
"THIOUREA",-14.7250645,-14.77407821,-15.80092084,-14.58273213,-15.1249835,-15.98702047,-13.90639103,-19.19754834,-16.55979716,-14.42429413
"THREITOL",-14.65367987,-14.999064,-14.02230755,-16.13083546,-14.43233061,-14.56416346,-14.33744085,-14.48076062,-15.25876429,-16.1697213
"THREONINE",-11.32660539,-11.76457677,-11.34581516,-11.59097641,-10.7568989,-11.30331493,-11.04469553,-11.34765092,-11.20582522,-11.04940369
"THYMIDINE",-7.572608812,-7.731286834,-7.272927496,-7.307648732,-7.562761547,-7.191068481,-7.252922839,-7.343362896,-6.87386416,-7.34364732
"THYMIDINE-MONOPHOSPHATE",-13.29210509,-12.63135493,-14.15104087,-13.05303818,-13.62843401,-16.76164419,-13.03888726,-14.20089178,-14.73503596,-14.46276828
"THYMINE",-15.24562397,-14.91096001,-14.89765663,-14.16436508,-15.02132863,-14.53840037,-13.89528722,-12.83999633,-13.33236211,-12.89231993
"THYROTROPIN RELEASING HORMONE",-13.6940376,-13.3408885,-13.51072844,-13.01385934,-11.85039369,-12.89260487,-13.88270092,-13.99243391,-13.91330315,-14.19468822
"THYROXINE",-11.49373895,-13.67495716,-10.8155195,-10.68100643,-12.05622342,-11.35099136,-11.39744194,-11.95314045,-12.26115801,-12.36287161
"TRANS-ACONITATE (1)",-11.70060227,-11.37268221,-11.24776848,-11.20105741,-11.86188325,-12.22414369,-11.73721661,-10.98042181,-10.87684385,-11.80637221
"TRANS-CINNAMATE",-6.71574905,-6.816246447,-6.789264119,-6.881547549,-7.03019303,-6.599470289,-6.87071367,-6.803889685,-6.707452007,-6.581606439
"TREHALOSE",-13.13870876,-12.14572695,-13.22200739,-13.08007494,-13.95325038,-13.20680168,-13.82587642,-14.72361715,-15.60286588,-13.46168558
"TRICOSANOATE",-13.23576751,-13.04669394,-12.99613758,-13.77788522,-12.86881464,-11.93407683,-13.91918849,-14.03624742,-13.86650427,-14.22179822
"TRIGONELLINE",-8.432496384,-7.316709179,-7.364028231,-7.490130476,-7.107698289,-7.754925657,-8.913195055,-9.087015288,-10.48379644,-9.58359189
"TRIMETHYLAMINE",-12.83334665,-11.75086875,-12.32892259,-11.82654544,-11.81056521,-11.67443035,-11.74455672,-11.51905905,-11.55893698,-11.03851799
"TRYPTOPHAN",-3.865090902,-3.610290286,-3.826018805,-3.601703044,-3.287559345,-3.481634388,-3.610262366,-4.589299933,-4.181376559,-3.942583199
"TYRAMINE",-15.00498731,-14.22086842,-14.0348576,-13.93165093,-13.59673509,-13.29361922,-15.04958513,-16.25271501,-15.60773189,-14.99716732
"TYROSINE",-4.099666673,-4.182030021,-3.600558278,-3.885000136,-3.609577324,-3.756313978,-4.450675974,-4.564940144,-4.384351567,-4.413173156
"URACIL",-9.874094085,-9.592369014,-10.00764745,-9.411548397,-11.25147689,-9.549373923,-9.729670216,-10.51273479,-10.31497475,-9.840562522
"URACIL 5-CARBOXYLATE",-11.79045207,-11.99561056,-11.34980124,-12.24508658,-11.6639128,-12.32944141,-11.38854859,-10.66059542,-10.90105807,-11.87023415
"URATE",-6.224208191,-6.248667089,-6.227281578,-5.164984888,-7.260028824,-5.460611009,-5.764402348,-6.723898952,-6.247974656,-5.7282519
"UREIDOPROPIONATE",-12.81544999,-12.70576321,-11.90981083,-12.10666915,-13.15959007,-11.45106971,-11.67685064,-12.1175698,-11.18942315,-11.69972044
"URIDINE",-7.731820117,-7.632275379,-7.886427122,-7.403877613,-8.442001352,-7.2287042,-7.520059605,-9.673429988,-8.411548112,-7.595533683
"URIDINE DIPHOSPHATE GLUCOSE",-14.68055236,-14.62600988,-14.7755656,-13.90370439,-15.20900494,-14.74025356,-15.11336104,-15.21766806,-14.98624352,-15.57543517
"URIDINE DIPHOSPHATEGALACTOSE",-14.62647568,-14.68937194,-14.7755656,-13.96375177,-15.20900494,-14.74025356,-15.20592716,-15.21766806,-15.11986808,-15.57543517
"UROCANATE",-10.49007009,-10.30338427,-10.31781342,-10.47625748,-10.43396868,-10.9329438,-11.31032472,-11.15517962,-11.52285144,-11.57272771
"URSODEOXYCHOLATE",-11.17407947,-13.35454685,-12.89599561,-11.87628893,-12.75879185,-13.2113251,-10.78736328,-11.35928914,-12.29608433,-11.8796269
"VALINE",-5.379823656,-4.898920582,-5.191047607,-4.982520737,-4.888833555,-5.175897899,-5.192284901,-5.310950981,-5.208135759,-5.496623891
"VANILLIN",-9.336934874,-8.570941194,-8.319872989,-8.942828096,-8.403375068,-8.590395006,-7.274479216,-7.437798827,-7.39857469,-7.33411979
"XANTHINE",-10.86506615,-8.945230427,-11.95821546,-11.19359287,-11.78847442,-11.98527913,-12.65494781,-12.37689659,-12.14918646,-13.25906388
"XANTHOSINE",-16.71257356,-14.25919414,-15.58804549,-15.93429646,-16.34629078,-16.77361683,-15.48183076,-16.6856493,-16.75109581,-16.91140931
"XANTHURENATE",-11.84632494,-11.85439292,-11.29744436,-11.76210485,-12.07301048,-11.57002412,-12.00268871,-12.17641412,-11.78204225,-11.93450484
"XYLITOL",-15.22477971,-16.83764333,-14.28393514,-14.91738308,-14.90771777,-13.96970099,-14.74961869,-14.40747141,-15.53178278,-17.73362219
"XYLOSE",-11.10336476,-11.13988003,-11.04173869,-10.88803618,-11.0323608,-11.44814353,-11.53202519,-12.01104038,-11.81380251,-11.59856338
